"Number","Word","Sounds","Visualization Hint"
"00","Sauce","S - S","Red tomato sauce splattering"
"01","Seed","S - D","A giant sunflower seed"
"02","Sun","S - N","A blindingly bright, hot sun"
"03","Sam","S - M","Uncle Sam pointing at you"
"04","Sewer","S - R","A round metal sewer grate"
"05","Seal","S - L","A seal balancing a ball on its nose"
"06","Sash","S - SH","A beauty pageant winner's sash"
"07","Sock","S - K","A smelly, dirty gym sock"
"08","Safe","S - F","A heavy steel bank safe"
"09","Soap","S - P","A slippery bar of pink soap"
"10","Toes","T - S","Wiggling, oversized bare toes"
"11","Toad","T - D","A warty, croaking toad"
"12","Tin","T - N","A shiny tin soup can"
"13","Tomb","T - M","A stone Egyptian tomb"
"14","Tire","T - R","A thick, rubber car tire"
"15","Tool","T - L","A heavy metal wrench"
"16","Dish","D - SH","A fragile china dinner dish"
"17","Dog","D - G","A loudly barking dog"
"18","Dove","D - V","A white dove flying"
"19","Tape","T - P","A sticky roll of duct tape"
"20","Nose","N - S","A giant, sneezing nose"
"21","Net","N - T","A fisherman's tangled net"
"22","Nun","N - N","A nun in a black and white habit"
"23","Name","N - M","A ""Hello My Name Is"" sticker"
"24","Nero","N - R","The Roman Emperor playing a fiddle"
"25","Nail","N - L","A sharp, rusty iron nail"
"26","Nacho","N - CH","A cheesy, crunchy tortilla chip"
"27","Neck","N - K","A long giraffe's neck"
"28","Knife","N - F","A sharp, silver chef's knife"
"29","Knob","N - B","A round brass door knob"
"30","Mouse","M - S","A tiny squeaking mouse"
"31","Mat","M - T","A woven welcome mat"
"32","Moon","M - N","A glowing, cratered full moon"
"33","Mummy","M - M","A mummy wrapped in toilet paper"
"34","Mower","M - R","A loud, spinning lawnmower"
"35","Mule","M - L","A stubborn, kicking mule"
"36","Match","M - CH","A striking, flaming matchstick"
"37","Mug","M - G","A steaming mug of coffee"
"38","Movie","M - V","A cinema screen playing a film"
"39","Map","M - P","A folded paper treasure map"
"40","Rose","R - S","A thorny, red rose"
"41","Rat","R - T","A large, grey sewer rat"
"42","Rain","R - N","Heavy, pouring rain"
"43","Ram","R - M","A ram with giant coiled horns"
"44","Rower","R - R","A person rowing a wooden boat"
"45","Roll","R - L","A soft, buttery dinner roll"
"46","Roach","R - CH","A giant, creepy cockroach"
"47","Rock","R - K","A heavy, jagged grey rock"
"48","Roof","R - F","A house roof with red shingles"
"49","Rope","R - P","A thick, scratchy hemp rope"
"50","Lace","L - S","White, delicate shoe lace"
"51","Lady","L - D","A lady wearing a fancy dress"
"52","Lion","L - N","A roaring lion with a big mane"
"53","Lime","L - M","A sour, bright green lime"
"54","Lure","L - R","A shiny fishing lure with a hook"
"55","Lily","L - L","A white lily flower"
"56","Leash","L - SH","A leather dog leash"
"57","Lock","L - K","A heavy brass padlock"
"58","Leaf","L - F","A crunchy, orange autumn leaf"
"59","Lip","L - P","Bright red, painted lips"
"60","Cheese","CH - S","A yellow block of Swiss cheese"
"61","Sheet","SH - T","A white bed sheet"
"62","Chain","CH - N","A heavy, clinking iron chain"
"63","Jam","J - M","A sticky jar of strawberry jam"
"64","Chair","CH - R","A wooden dining chair"
"65","Jail","J - L","A jail cell with iron bars"
"66","Judge","J - J","A judge slamming a wooden gavel"
"67","Chalk","CH - K","White chalk screeching on a board"
"68","Chef","SH - F","A chef in a tall white hat"
"69","Ship","SH - P","A massive pirate ship"
"70","Goose","G - S","A honking, aggressive white goose"
"71","Cat","K - T","A black cat with glowing eyes"
"72","Can","K - N","A crushed aluminum soda can"
"73","Comb","K - M","A plastic hair comb"
"74","Car","K - R","A fast, red sports car"
"75","Coal","K - L","A lump of black, burning coal"
"76","Cage","K - J","A golden bird cage"
"77","Cake","K - K","A chocolate birthday cake"
"78","Cave","K - V","A dark, spooky bat cave"
"79","Cup","K - P","A ceramic coffee cup"
"80","Vase","V - S","A fragile glass flower vase"
"81","Fat","F - T","A giant blob of yellow fat"
"82","Fan","F - N","A spinning electric fan"
"83","Foam","F - M","White, bubbly soap foam"
"84","Fire","F - R","A crackling orange campfire"
"85","Foil","F - L","Crinkly, silver aluminum foil"
"86","Fish","F - SH","A wet, flopping fish"
"87","Fig","F - G","A squishy, purple fig"
"88","Fife","F - F","A small wooden flute (fife)"
"89","Fob","F - B","A plastic car key fob"
"90","Bus","B - S","A giant yellow school bus"
"91","Bat","B - T","A wooden baseball bat"
"92","Pen","P - N","A leaky blue ink pen"
"93","Bum","B - M","A bum/hobo with a bindle"
"94","Bear","B - R","A roaring grizzly bear"
"95","Bull","B - L","An angry charging bull"
"96","Beach","B - CH","A sandy beach with a towel"
"97","Book","B - K","A heavy, dusty old book"
"98","Beef","B - F","A raw, red slab of beef"
"99","Pipe","P - P","A smoking wooden tobacco pipe"